{"stats":{"minecraft:killed":{"minecraft:creeper":1,"zombie_extreme:divided":1,"spore:inf_pillager":1,"zombie_extreme:devestated":2,"minecraft:zombie":2,"spore:inf_human":4,"minecraft:cow":3},"minecraft:mined":{"minecraft:acacia_leaves":1,"biomesoplenty:desert_grass":1,"minecraft:crafting_table":1,"minecraft:torch":1,"minecraft:acacia_log":14,"minecraft:melon":9,"minecraft:cobblestone":6,"biomesoplenty:orange_sandstone":2,"minecraft:bricks":6,"minecraft:oak_planks":1,"zombie_extreme:decomposing_backpack":1,"minecraft:stone_brick_stairs":2,"minecraft:grass":1,"minecraft:deepslate_iron_ore":1,"minecraft:bookshelf":1,"minecraft:vine":1,"minecraft:coal_ore":21,"minecraft:dirt":13,"minecraft:stone":79,"minecraft:deepslate":1,"minecraft:fern":4},"minecraft:custom":{"minecraft:interact_with_furnace":3,"minecraft:mob_kills":15,"minecraft:interact_with_crafting_table":3,"minecraft:open_barrel":2,"minecraft:leave_game":1,"minecraft:time_since_death":30880,"minecraft:climb_one_cm":15247,"minecraft:damage_resisted":120,"minecraft:time_since_rest":29594,"minecraft:sprint_one_cm":143314,"minecraft:damage_taken":350,"minecraft:walk_one_cm":101267,"minecraft:drop":22,"minecraft:damage_dealt":2480,"minecraft:swim_one_cm":32382,"minecraft:fly_one_cm":81932,"minecraft:open_chest":3,"minecraft:crouch_one_cm":13464,"minecraft:play_time":44044,"tombstone:undead_killed":5,"minecraft:deaths":1,"minecraft:sneak_time":6048,"minecraft:walk_under_water_one_cm":3652,"minecraft:jump":467,"minecraft:walk_on_water_one_cm":16596,"minecraft:total_world_time":44044,"minecraft:fall_one_cm":8598},"minecraft:dropped":{"minecraft:wheat_seeds":1,"minecraft:black_carpet":4,"minecraft:bowl":2,"minecraft:rotten_flesh":1,"zombie_extreme:cloth":2,"spore:mutated_fiber":8,"minecraft:red_carpet":3,"minecraft:gunpowder":3,"zombie_extreme:decomposing_backpack":1,"zombie_extreme:baseball_bat":1,"minecraft:light_blue_carpet":13,"minecraft:acacia_sapling":1,"tombstone:grave_dust":2,"zombie_extreme:pipe":1,"minecraft:wooden_pickaxe":1,"minecraft:stone_brick_stairs":2},"minecraft:killed_by":{"apollyon:the_damned":1},"minecraft:crafted":{"minecraft:cooked_beef":7,"minecraft:wooden_sword":1,"minecraft:crafting_table":1,"minecraft:wooden_pickaxe":1,"minecraft:furnace":1,"minecraft:stone_axe":1,"minecraft:air":0,"minecraft:stick":20,"minecraft:stone_pickaxe":1,"minecraft:wooden_axe":1,"minecraft:stone_sword":1,"minecraft:acacia_planks":56,"minecraft:torch":48},"minecraft:picked_up":{"zombie_extreme:cleaver":1,"minecraft:crafting_table":1,"zombie_extreme:pipe":1,"minecraft:leather":5,"minecraft:wooden_pickaxe":1,"minecraft:stone_brick_stairs":2,"minecraft:gunpowder":1,"zombie_extreme:decomposing_backpack":1,"minecraft:dirt":13,"minecraft:tnt_minecart":1,"minecraft:wheat_seeds":1,"minecraft:cobbled_deepslate":1,"minecraft:beef":7,"zombie_extreme:barbed_fence":1,"spore:mutated_fiber":8,"zombie_extreme:cloth":1,"minecraft:melon_slice":45,"minecraft:chest":1,"minecraft:oak_planks":1,"minecraft:acacia_sapling":1,"minecraft:book":3,"minecraft:stick":2,"minecraft:raw_iron":1,"minecraft:torch":1,"minecraft:bowl":2,"minecraft:acacia_log":14,"tombstone:grave_dust":1,"minecraft:rotten_flesh":1,"biomesoplenty:orange_sandstone":2,"zombie_extreme:butcher_knife":1,"minecraft:coal":21,"minecraft:bricks":10,"minecraft:cobblestone":84},"minecraft:used":{"zombie_extreme:barbed_fence":1,"zombie_extreme:butcher_knife":1,"minecraft:stone_sword":16,"zombie_extreme:decomposing_backpack":1,"minecraft:stone_pickaxe":89,"minecraft:wooden_pickaxe":32,"minecraft:torch":49,"minecraft:dirt":3,"minecraft:crafting_table":2,"minecraft:wooden_axe":14,"minecraft:bricks":10,"minecraft:melon_slice":2,"zombie_extreme:syringe_drug":1,"minecraft:stone_axe":9,"biomesoplenty:orange_sandstone":2,"minecraft:wooden_sword":26,"minecraft:cobblestone":22,"minecraft:furnace":1,"tombstone:gift":1,"minecraft:cooked_beef":3,"minecraft:acacia_planks":6}},"DataVersion":3465}