{"stats":{"minecraft:custom":{"minecraft:mob_kills":48,"minecraft:interact_with_crafting_table":39,"minecraft:open_barrel":5,"minecraft:damage_dealt_resisted":126,"minecraft:leave_game":1,"minecraft:time_since_death":7962,"minecraft:climb_one_cm":6869,"minecraft:sprint_one_cm":442644,"minecraft:walk_one_cm":340846,"minecraft:damage_blocked_by_shield":3750,"minecraft:drop":60,"minecraft:play_time":138164,"minecraft:deaths":13,"minecraft:sneak_time":10117,"minecraft:walk_under_water_one_cm":10545,"minecraft:boat_one_cm":41580,"minecraft:jump":2120,"minecraft:interact_with_blast_furnace":10,"minecraft:walk_on_water_one_cm":9631,"minecraft:total_world_time":138164,"minecraft:interact_with_furnace":22,"tombstone:raider_killed":13,"minecraft:sleep_in_bed":3,"minecraft:time_since_rest":5563,"minecraft:damage_taken":6003,"minecraft:damage_dealt":12353,"minecraft:swim_one_cm":34058,"minecraft:fly_one_cm":336386,"minecraft:open_chest":51,"minecraft:crouch_one_cm":27881,"tombstone:undead_killed":8,"minecraft:fall_one_cm":54999},"minecraft:dropped":{"minecraft:golden_boots":1,"minecraft:bread":68,"spore:spine_fragment":4,"minecraft:wheat_seeds":4,"minecraft:golden_helmet":1,"minecraft:crossbow":2,"minecraft:cobblestone":16,"biomesoplenty:fir_sapling":6,"minecraft:flint":1,"minecraft:brewing_stand":1,"biomesoplenty:brimstone":1,"tombstone:grave_dust":1,"minecraft:potion":1,"zombie_extreme:raw_lead":3,"minecraft:wooden_sword":1,"minecraft:iron_axe":1,"epicpaladins:arclight_gem":2,"minecraft:stone_axe":1,"minecraft:golden_chestplate":1,"minecraft:stone_sword":1,"minecraft:cobbled_deepslate":14,"minecraft:rotten_flesh":1,"spore:mutated_fiber":24,"minecraft:gunpowder":1,"minecraft:mossy_stone_bricks":6,"minecraft:golden_leggings":2,"minecraft:stone_bricks":16,"minecraft:stone_pickaxe":2},"minecraft:mined":{"biomesoplenty:brimstone":1,"minecraft:brewing_stand":1,"minecraft:spruce_fence":1,"minecraft:coal_block":19,"minecraft:spruce_leaves":1,"minecraft:nether_wart":10,"epicpaladins:deepslate_arclight_ore":2,"minecraft:hay_block":57,"epicpaladins:moonlight_ore":1,"minecraft:redstone_ore":4,"minecraft:furnace":4,"zombie_extreme:ore_lead":1,"minecraft:iron_ore":4,"minecraft:cobbled_deepslate":1,"minecraft:mossy_stone_brick_stairs":1,"minecraft:bookshelf":7,"minecraft:deepslate_iron_ore":5,"minecraft:iron_bars":3,"minecraft:stone":213,"minecraft:deepslate_redstone_ore":1,"epicpaladins:deepslate_bloodstone_ore":1,"minecraft:crafting_table":15,"minecraft:blast_furnace":4,"minecraft:melon":38,"minecraft:tall_grass":4,"minecraft:cobblestone":21,"minecraft:lapis_ore":4,"minecraft:cracked_deepslate_bricks":1,"minecraft:wall_torch":3,"epicpaladins:bloodstone_ore":3,"minecraft:light_blue_bed":1,"zombie_extreme:deepslate_steel":1,"minecraft:yellow_bed":1,"biomesoplenty:fir_log":51,"minecraft:stone_brick_stairs":1,"minecraft:grass":7,"minecraft:coal_ore":86,"biomesoplenty:fir_leaves":3,"minecraft:cracked_stone_bricks":5,"minecraft:stone_bricks":19,"minecraft:netherrack":2,"minecraft:mossy_stone_bricks":3,"minecraft:gold_ore":7,"minecraft:deepslate":29,"minecraft:emerald_block":2,"minecraft:fern":1},"minecraft:crafted":{"minecraft:wooden_sword":1,"minecraft:coal":180,"minecraft:furnace":2,"epicpaladins:bloodstone_axe":1,"minecraft:cooked_mutton":2,"minecraft:iron_boots":1,"minecraft:bow":1,"minecraft:iron_axe":1,"minecraft:stone_pickaxe":2,"minecraft:golden_helmet":1,"minecraft:wheat":513,"minecraft:coal_block":26,"minecraft:cooked_porkchop":1,"minecraft:crafting_table":3,"minecraft:spruce_planks":16,"minecraft:wooden_pickaxe":1,"minecraft:iron_sword":1,"minecraft:stone_axe":1,"minecraft:bread":171,"minecraft:air":0,"biomesoplenty:fir_planks":72,"minecraft:iron_chestplate":1,"minecraft:shield":2,"minecraft:stick":60,"minecraft:iron_ingot":7,"minecraft:iron_pickaxe":2,"minecraft:wooden_axe":1,"minecraft:stone_sword":1,"minecraft:torch":36},"minecraft:killed_by":{"spore:inf_human":4,"spore:inf_vindicator":5,"zombie_extreme:assasin_black_ops":1,"minecraft:vindicator":1,"spore:inf_player":1},"minecraft:used":{"minecraft:stone_sword":100,"minecraft:armor_stand":2,"minecraft:spruce_planks":4,"minecraft:shield":67,"minecraft:iron_sword":88,"minecraft:iron_chestplate":1,"minecraft:torch":40,"minecraft:brewing_stand":1,"epicpaladins:bloodstone_axe":32,"minecraft:spruce_fence":1,"minecraft:wooden_axe":64,"biomesoplenty:fir_sapling":2,"minecraft:iron_axe":18,"horror_element_mod:villager_head":1,"minecraft:light_blue_bed":1,"minecraft:iron_boots":1,"minecraft:stone_bricks":5,"minecraft:bow":22,"minecraft:furnace":4,"minecraft:deepslate_tile_stairs":1,"tombstone:gift":4,"minecraft:cobbled_deepslate":61,"minecraft:cooked_mutton":2,"minecraft:stone_pickaxe":142,"minecraft:wooden_pickaxe":60,"biomesoplenty:fir_planks":2,"minecraft:crafting_table":17,"minecraft:blast_furnace":4,"minecraft:crossbow":3,"minecraft:bread":58,"minecraft:melon_slice":10,"minecraft:iron_pickaxe":262,"minecraft:golden_helmet":1,"minecraft:stone_axe":49,"minecraft:cobblestone":143,"minecraft:cooked_porkchop":1,"minecraft:yellow_bed":1,"biomesoplenty:fir_log":7},"minecraft:picked_up":{"minecraft:crafting_table":15,"minecraft:nether_wart":34,"minecraft:brewing_stand":2,"minecraft:string":1,"minecraft:red_bed":1,"minecraft:armor_stand":2,"epicpaladins:bloodstone_gem":4,"biomesoplenty:brimstone":1,"minecraft:cracked_stone_bricks":5,"minecraft:cobbled_deepslate":84,"minecraft:melon_slice":193,"minecraft:coal_block":19,"minecraft:furnace":4,"minecraft:golden_helmet":2,"minecraft:stick":4,"minecraft:raw_iron":12,"epicpaladins:arclight_gem":2,"minecraft:torch":4,"minecraft:spruce_fence":1,"minecraft:porkchop":1,"minecraft:deepslate_tile_stairs":1,"minecraft:light_blue_bed":1,"minecraft:golden_chestplate":1,"minecraft:rotten_flesh":3,"minecraft:hay_block":57,"minecraft:mutton":4,"minecraft:white_wool":2,"minecraft:cobblestone":236,"minecraft:golden_leggings":3,"biomesoplenty:fir_sapling":8,"biomesoplenty:fir_log":25,"minecraft:flint":1,"minecraft:yellow_bed":2,"minecraft:golden_boots":2,"horror_element_mod:villager_head":1,"minecraft:lapis_lazuli":30,"zombie_extreme:raw_lead":3,"minecraft:bone":1,"minecraft:stone_bricks":23,"minecraft:wheat_seeds":4,"minecraft:raw_gold":9,"minecraft:stone_pickaxe":1,"spore:mutated_fiber":24,"minecraft:mossy_stone_bricks":7,"minecraft:book":21,"minecraft:emerald_block":2,"minecraft:blast_furnace":4,"minecraft:spruce_log":26,"minecraft:crossbow":2,"spore:spine_fragment":4,"minecraft:coal":96},"minecraft:broken":{"minecraft:golden_helmet":1,"minecraft:golden_boots":1,"minecraft:wooden_pickaxe":1,"minecraft:shield":1,"minecraft:iron_pickaxe":1,"minecraft:wooden_axe":1},"minecraft:killed":{"minecraft:cave_spider":1,"minecraft:spider":1,"minecraft:vindicator":7,"spore:inf_vindicator":1,"minecraft:skeleton":1,"zombie_extreme:revived":2,"zombie_extreme:clicker":2,"zombie_extreme:crawler":1,"minecraft:pig":1,"spore:inf_player":1,"zombie_extreme:infected_hazmat":1,"spore:volatile":1,"minecraft:creeper":1,"spore:inf_pillager":7,"minecraft:sheep":2,"spore:inf_villager":1,"minecraft:pillager":6,"spore:inf_human":7,"minecraft:zombie":2,"zombie_extreme:infected_police":1}},"DataVersion":3465}