{"stats":{"minecraft:mined":{"minecraft:glass":3,"minecraft:tall_grass":1},"minecraft:used":{"zombie_extreme:butcher_knife":2,"zombie_extreme:vodka":1},"minecraft:custom":{"minecraft:jump":142,"minecraft:time_since_rest":7836,"minecraft:leave_game":1,"minecraft:sprint_one_cm":36267,"minecraft:play_time":7836,"minecraft:damage_taken":145,"minecraft:time_since_death":7836,"minecraft:walk_one_cm":11548,"minecraft:total_world_time":7836,"minecraft:fall_one_cm":3828,"minecraft:fly_one_cm":37307,"minecraft:open_chest":7}},"DataVersion":3465}