{"stats":{"minecraft:custom":{"minecraft:mob_kills":4,"minecraft:interact_with_crafting_table":16,"minecraft:open_barrel":3,"minecraft:eat_cake_slice":1,"minecraft:leave_game":1,"minecraft:time_since_death":58966,"minecraft:climb_one_cm":6047,"minecraft:sprint_one_cm":124300,"minecraft:walk_one_cm":257900,"minecraft:damage_blocked_by_shield":500,"minecraft:drop":43,"minecraft:play_time":86065,"minecraft:deaths":9,"minecraft:sneak_time":2570,"minecraft:walk_under_water_one_cm":19415,"minecraft:boat_one_cm":37454,"minecraft:jump":869,"minecraft:interact_with_blast_furnace":6,"minecraft:walk_on_water_one_cm":30544,"minecraft:total_world_time":86065,"minecraft:interact_with_furnace":15,"minecraft:interact_with_stonecutter":1,"minecraft:sleep_in_bed":2,"minecraft:time_since_rest":36037,"minecraft:open_enderchest":1,"minecraft:damage_taken":3244,"minecraft:damage_dealt":882,"minecraft:swim_one_cm":37644,"minecraft:fly_one_cm":79979,"minecraft:open_chest":14,"minecraft:crouch_one_cm":9138,"minecraft:fall_one_cm":19744},"minecraft:dropped":{"spore:spine_fragment":2,"minecraft:glass_bottle":2,"minecraft:crossbow":1,"zombie_extreme:cloth":2,"biomesoplenty:fir_sapling":2,"minecraft:flint":1,"minecraft:deepslate_tile_stairs":1,"zombie_extreme:raw_thorium":4,"horror_element_mod:villager_head":2,"tombstone:grave_dust":3,"minecraft:dark_oak_planks":2,"minecraft:stone_sword":1,"minecraft:cobbled_deepslate":2,"minecraft:raw_copper":4,"minecraft:smooth_stone_slab":1,"minecraft:tuff":7,"minecraft:oak_planks":2,"spore:cerebrum":4,"minecraft:flint_and_steel":1,"zombie_extreme:raw_steel":2,"zombie_extreme:bronze_nugget":4,"minecraft:gunpowder":3,"minecraft:spider_eye":2,"minecraft:arrow":1,"minecraft:wooden_pickaxe":1,"spore:armor_fragment":2,"minecraft:egg":1},"minecraft:mined":{"minecraft:infested_deepslate":2,"minecraft:spruce_planks":4,"minecraft:dark_oak_fence":3,"minecraft:grass_block":4,"minecraft:jungle_planks":1,"minecraft:deepslate_tile_stairs":1,"minecraft:furnace":2,"minecraft:iron_ore":11,"minecraft:cobbled_deepslate":5,"zombie_extreme:ore_steel":4,"minecraft:sculk_shrieker":1,"minecraft:deepslate_iron_ore":5,"minecraft:dirt_path":1,"minecraft:stone":51,"minecraft:red_bed":3,"minecraft:crafting_table":7,"minecraft:torch":2,"minecraft:blast_furnace":2,"minecraft:cobblestone":8,"minecraft:copper_ore":2,"minecraft:oak_planks":2,"minecraft:wall_torch":7,"minecraft:light_blue_bed":1,"zombie_extreme:thorium_ore":1,"biomesoplenty:fir_log":3,"minecraft:smooth_stone_slab":1,"minecraft:grass":2,"minecraft:coal_ore":5,"minecraft:dirt":32,"minecraft:cobweb":2,"minecraft:cracked_stone_bricks":2,"minecraft:stone_bricks":7,"minecraft:deepslate":28},"minecraft:crafted":{"minecraft:smooth_stone":5,"minecraft:furnace":1,"minecraft:blast_furnace":1,"minecraft:stone":5,"minecraft:flint_and_steel":1,"minecraft:stone_pickaxe":1,"minecraft:dark_oak_planks":8,"minecraft:air":0,"biomesoplenty:fir_planks":60,"minecraft:shield":1,"minecraft:stick":128,"minecraft:iron_ingot":8,"minecraft:iron_pickaxe":1,"minecraft:torch":24},"minecraft:killed_by":{"minecraft:pillager":1,"spore:inf_human":2,"spore:inf_vindicator":1,"spore:inf_pillager":1,"spore:inf_villager":1,"zombie_extreme:clicker":1,"zombie_extreme:goon":1},"minecraft:used":{"minecraft:stone_sword":20,"minecraft:shield":14,"minecraft:iron_sword":10,"minecraft:torch":6,"minecraft:dirt":42,"minecraft:golden_chestplate":1,"minecraft:iron_axe":12,"minecraft:stone_bricks":8,"minecraft:furnace":1,"tombstone:gift":2,"minecraft:cooked_beef":2,"minecraft:stone_pickaxe":69,"minecraft:wooden_pickaxe":37,"minecraft:golden_apple":1,"minecraft:crafting_table":4,"minecraft:red_bed":2,"minecraft:blast_furnace":2,"minecraft:crossbow":2,"minecraft:apple":1,"minecraft:bread":12,"minecraft:iron_pickaxe":46,"minecraft:stone_axe":1,"minecraft:cobblestone":16,"minecraft:bucket":1},"minecraft:picked_up":{"minecraft:crafting_table":7,"minecraft:wooden_pickaxe":2,"minecraft:string":2,"minecraft:red_bed":2,"minecraft:iron_axe":2,"minecraft:raw_copper":13,"minecraft:smooth_stone_slab":1,"minecraft:cracked_stone_bricks":2,"minecraft:cobbled_deepslate":13,"minecraft:bucket":1,"biomesoplenty:fir_planks":128,"minecraft:spruce_planks":4,"minecraft:iron_pickaxe":1,"minecraft:egg":2,"minecraft:furnace":2,"minecraft:raw_iron":14,"minecraft:torch":8,"tombstone:grave_dust":2,"minecraft:light_blue_bed":1,"minecraft:deepslate_tile_stairs":1,"minecraft:golden_chestplate":2,"minecraft:stone_sword":3,"zombie_extreme:butcher_knife":1,"minecraft:cobblestone":76,"minecraft:cooked_beef":2,"minecraft:golden_leggings":1,"biomesoplenty:fir_sapling":3,"biomesoplenty:fir_log":17,"minecraft:flint":2,"minecraft:tuff":34,"zombie_extreme:bronze_nugget":4,"minecraft:golden_boots":1,"horror_element_mod:villager_head":2,"minecraft:gunpowder":3,"minecraft:dirt":77,"zombie_extreme:raw_steel":6,"minecraft:stone_bricks":9,"minecraft:iron_ingot":4,"zombie_extreme:cloth":2,"minecraft:glass_bottle":2,"minecraft:iron_sword":1,"minecraft:oak_planks":2,"spore:cerebrum":4,"spore:armor_fragment":2,"minecraft:blast_furnace":2,"minecraft:dark_oak_log":2,"minecraft:spider_eye":2,"minecraft:stone_axe":2,"minecraft:crossbow":1,"zombie_extreme:raw_thorium":4,"minecraft:golden_apple":1,"minecraft:emerald":2,"minecraft:bread":18,"spore:spine_fragment":2,"minecraft:dark_oak_fence":1,"minecraft:coal":77},"minecraft:killed":{"minecraft:silverfish":3,"zombie_extreme:assasin_black_ops":1}},"DataVersion":3465}