{"stats":{"minecraft:custom":{"minecraft:mob_kills":22,"minecraft:interact_with_crafting_table":34,"minecraft:open_barrel":6,"minecraft:leave_game":1,"minecraft:time_since_death":8428,"minecraft:climb_one_cm":6791,"minecraft:sprint_one_cm":262489,"minecraft:walk_one_cm":325533,"minecraft:drop":86,"minecraft:play_time":138818,"minecraft:deaths":16,"minecraft:sneak_time":3619,"minecraft:walk_under_water_one_cm":18924,"minecraft:boat_one_cm":38633,"minecraft:jump":1788,"minecraft:interact_with_blast_furnace":33,"minecraft:walk_on_water_one_cm":18752,"minecraft:total_world_time":138818,"minecraft:interact_with_furnace":28,"tombstone:raider_killed":4,"minecraft:sleep_in_bed":1,"minecraft:time_since_rest":6029,"minecraft:open_enderchest":1,"minecraft:damage_taken":7260,"minecraft:damage_dealt":5836,"minecraft:swim_one_cm":27385,"minecraft:fly_one_cm":354907,"minecraft:open_chest":49,"minecraft:crouch_one_cm":8532,"tombstone:undead_killed":1,"minecraft:interact_with_smoker":1,"minecraft:fall_one_cm":64011},"minecraft:dropped":{"biomesoplenty:fir_log":15,"minecraft:golden_boots":1,"spore:spine_fragment":1,"minecraft:wheat_seeds":2,"minecraft:glow_ink_sac":5,"minecraft:glass_bottle":3,"minecraft:diamond":1,"minecraft:cobblestone":36,"minecraft:leather":8,"zombie_extreme:cloth":2,"minecraft:mossy_stone_brick_stairs":1,"minecraft:golden_apple":1,"biomesoplenty:fir_sapling":3,"minecraft:stick":10,"minecraft:flint":2,"minecraft:emerald":2,"minecraft:dirt":14,"zombie_extreme:raw_thorium":1,"minecraft:dark_oak_log":2,"tombstone:grave_key":2,"tombstone:grave_dust":10,"minecraft:iron_axe":1,"minecraft:iron_pickaxe":2,"minecraft:dark_oak_planks":2,"minecraft:bucket":1,"minecraft:bone":7,"minecraft:stone_axe":2,"minecraft:golden_chestplate":1,"minecraft:cobbled_deepslate":6,"minecraft:stone_sword":2,"minecraft:raw_copper":4,"minecraft:tuff":20,"minecraft:obsidian":11,"minecraft:rotten_flesh":4,"minecraft:oak_planks":2,"spore:cerebrum":7,"spore:mutated_fiber":2,"minecraft:white_terracotta":3,"zombie_extreme:bronze_nugget":1,"biomesoplenty:fir_planks":1,"minecraft:gunpowder":2,"minecraft:spruce_planks":1,"minecraft:golden_leggings":1,"zombie_extreme:butcher_knife":1,"minecraft:stone_bricks":3,"minecraft:spider_eye":2,"minecraft:arrow":1,"minecraft:wooden_pickaxe":2,"minecraft:stone_pickaxe":2,"minecraft:brown_concrete":4,"minecraft:egg":1},"minecraft:mined":{"minecraft:tuff":1,"minecraft:brown_concrete":2,"horror_element_mod:blood_3":1,"minecraft:mossy_cobblestone":1,"minecraft:deepslate_diamond_ore":4,"minecraft:sculk_vein":7,"minecraft:obsidian":10,"minecraft:glow_lichen":1,"minecraft:dark_oak_fence":3,"biomesoplenty:bush":1,"minecraft:grass_block":1,"zombie_extreme:deepslate_lead":4,"zombie_extreme:deepslate_thorium":3,"minecraft:coal_block":17,"minecraft:spruce_leaves":2,"minecraft:spawner":1,"minecraft:hay_block":2,"epicpaladins:moonlight_ore":1,"minecraft:magma_block":7,"minecraft:redstone_ore":3,"horror_element_mod:villager_head":1,"minecraft:furnace":3,"minecraft:iron_ore":28,"zombie_extreme:decomposing_backpack":1,"minecraft:cobbled_deepslate":1,"zombie_extreme:ore_steel":8,"minecraft:deepslate_lapis_ore":7,"minecraft:anvil":1,"minecraft:enchanting_table":1,"minecraft:mossy_stone_brick_stairs":1,"zombie_extreme:deepslate_tin":4,"minecraft:deepslate_iron_ore":8,"minecraft:oak_stairs":1,"minecraft:iron_bars":2,"horror_element_mod:crucified_body":1,"zombie_extreme:deepslate_aluminum":7,"minecraft:stone":309,"minecraft:bone_block":1,"biomesoplenty:brimstone_cluster":1,"minecraft:deepslate_redstone_ore":7,"minecraft:oak_slab":19,"minecraft:glass_pane":8,"minecraft:red_bed":1,"minecraft:smoker":2,"minecraft:crafting_table":9,"minecraft:blast_furnace":4,"biomesoplenty:fir_planks":2,"minecraft:melon":1,"minecraft:chest":3,"minecraft:glass":1,"minecraft:cobblestone":20,"minecraft:copper_ore":11,"minecraft:tall_grass":1,"minecraft:deepslate_gold_ore":1,"minecraft:oak_planks":23,"minecraft:sugar_cane":2,"minecraft:white_terracotta":3,"zombie_extreme:ore_tin":2,"minecraft:cobblestone_wall":1,"zombie_extreme:thorium_ore":8,"minecraft:birch_log":10,"epicpaladins:deepslate_cryorium_ore":1,"zombie_extreme:ore_ruby":4,"minecraft:sweet_berry_bush":8,"minecraft:spruce_log":59,"zombie_extreme:deepslate_steel":6,"biomesoplenty:fir_log":74,"minecraft:stone_brick_stairs":1,"minecraft:grass":4,"minecraft:coal_ore":48,"minecraft:oak_log":6,"biomesoplenty:fir_leaves":11,"minecraft:gravel":2,"minecraft:dirt":23,"minecraft:cobweb":35,"minecraft:cracked_stone_bricks":4,"minecraft:netherrack":7,"minecraft:stone_bricks":6,"minecraft:gold_ore":1,"minecraft:mossy_stone_bricks":1,"minecraft:fern":2,"minecraft:deepslate":41},"minecraft:crafted":{"minecraft:oak_planks":24,"zombie_extreme:ignot_thorium":12,"zombie_extreme:steel_pickaxe":1,"zombie_extreme:ignotsteel":9,"minecraft:iron_boots":2,"minecraft:stone_pickaxe":4,"minecraft:chest":1,"zombie_extreme:ignot_aluminum":5,"minecraft:wheat":18,"biomesoplenty:fir_boat":1,"sophisticatedbackpacks:backpack":2,"minecraft:crafting_table":6,"minecraft:wooden_pickaxe":3,"minecraft:iron_helmet":1,"minecraft:bucket":1,"minecraft:birch_planks":40,"minecraft:stone_axe":1,"minecraft:bread":7,"biomesoplenty:fir_planks":192,"minecraft:iron_chestplate":2,"minecraft:shield":2,"minecraft:stick":16,"minecraft:iron_pickaxe":1,"minecraft:iron_ingot":37,"minecraft:stone_sword":1,"minecraft:torch":60},"minecraft:killed_by":{"spore:inf_vindicator":5,"minecraft:vindicator":4,"spore:inf_villager":1},"minecraft:used":{"zombie_extreme:canned_soup":1,"minecraft:iron_bars":1,"minecraft:stone_sword":30,"minecraft:armor_stand":1,"minecraft:bone_block":2,"minecraft:poppy":1,"minecraft:chest":1,"minecraft:iron_sword":19,"minecraft:cooked_chicken":2,"minecraft:iron_chestplate":2,"minecraft:torch":47,"minecraft:dirt":1,"minecraft:carrot":5,"zombie_extreme:steel_pickaxe":24,"minecraft:iron_axe":141,"tombstone:tablet_of_cupidity":1,"minecraft:oak_stairs":1,"horror_element_mod:villager_head":1,"minecraft:iron_helmet":1,"minecraft:iron_boots":2,"minecraft:stone_brick_stairs":1,"minecraft:furnace":2,"minecraft:oak_sapling":3,"tombstone:gift":4,"minecraft:cobbled_deepslate":69,"zombie_extreme:fireaxe":108,"minecraft:water_bucket":18,"zombie_extreme:decomposing_backpack":1,"minecraft:stone_pickaxe":289,"minecraft:oak_planks":29,"minecraft:wooden_pickaxe":73,"minecraft:mossy_stone_brick_stairs":1,"biomesoplenty:fir_planks":21,"biomesoplenty:fir_boat":2,"minecraft:spruce_sign":2,"minecraft:oak_slab":19,"minecraft:crafting_table":13,"minecraft:blast_furnace":3,"minecraft:spruce_log":6,"minecraft:flower_pot":1,"minecraft:diamond_pickaxe":11,"minecraft:apple":1,"minecraft:bread":12,"minecraft:iron_pickaxe":237,"minecraft:golden_leggings":1,"minecraft:golden_helmet":1,"minecraft:stone_axe":43,"minecraft:cobblestone":142,"minecraft:potion":1,"minecraft:dark_oak_fence":3,"minecraft:bucket":19,"minecraft:smooth_stone_slab":1,"biomesoplenty:fir_log":3,"minecraft:experience_bottle":1,"horror_element_mod:blood_3":1},"minecraft:picked_up":{"minecraft:charcoal":13,"minecraft:crafting_table":9,"minecraft:anvil":1,"minecraft:flower_pot":1,"zombie_extreme:raw_tin":10,"minecraft:oak_stairs":1,"minecraft:wither_rose":1,"minecraft:potion":1,"minecraft:stone_brick_stairs":1,"zombie_extreme:decomposing_backpack":1,"horror_element_mod:blood_3":1,"minecraft:red_bed":1,"minecraft:string":46,"minecraft:raw_copper":45,"minecraft:iron_axe":2,"minecraft:smooth_stone_slab":1,"minecraft:flint_and_steel":1,"minecraft:armor_stand":1,"minecraft:cobbled_deepslate":76,"biomesoplenty:fir_planks":2,"minecraft:spruce_planks":1,"minecraft:poppy":1,"minecraft:iron_pickaxe":1,"minecraft:melon_slice":3,"minecraft:sugar_cane":3,"minecraft:coal_block":17,"minecraft:chest":3,"minecraft:furnace":3,"zombie_extreme:ruby":4,"zombie_extreme:raw_aluminum":7,"minecraft:golden_helmet":1,"minecraft:stick":25,"minecraft:raw_iron":39,"zombie_extreme:soda_used":1,"minecraft:torch":3,"tombstone:grave_dust":10,"minecraft:redstone":64,"minecraft:golden_chestplate":1,"minecraft:dark_oak_planks":2,"epicpaladins:cryorium_gem":1,"minecraft:stone_sword":1,"zombie_extreme:ignot_tin":1,"minecraft:arrow":1,"minecraft:rotten_flesh":4,"minecraft:hay_block":2,"minecraft:white_terracotta":3,"minecraft:obsidian":11,"minecraft:iron_bars":2,"minecraft:bone_block":1,"minecraft:cobblestone":436,"minecraft:birch_log":10,"minecraft:enchanting_table":1,"zombie_extreme:fireaxe":1,"minecraft:glow_ink_sac":5,"minecraft:flint":3,"minecraft:leather":8,"minecraft:golden_leggings":1,"minecraft:smoker":3,"minecraft:birch_planks":32,"biomesoplenty:fir_sapling":18,"biomesoplenty:fir_log":66,"minecraft:tuff":20,"minecraft:brown_concrete":4,"minecraft:oak_log":6,"zombie_extreme:bronze_nugget":1,"minecraft:golden_boots":1,"horror_element_mod:villager_head":1,"minecraft:gunpowder":6,"minecraft:lapis_lazuli":42,"minecraft:dirt":39,"zombie_extreme:raw_steel":13,"zombie_extreme:raw_lead":4,"minecraft:bone":8,"minecraft:stone_bricks":8,"biomesoplenty:fir_boat":1,"minecraft:wheat_seeds":2,"minecraft:stone_pickaxe":3,"minecraft:iron_ingot":4,"spore:mutated_fiber":20,"zombie_extreme:cloth":2,"minecraft:glass_bottle":2,"minecraft:oak_planks":26,"minecraft:mossy_stone_brick_stairs":2,"minecraft:oak_slab":19,"zombie_extreme:syringe_drug":1,"spore:cerebrum":12,"minecraft:sweet_berries":18,"spore:armor_fragment":4,"minecraft:blast_furnace":4,"minecraft:spruce_log":6,"minecraft:spider_eye":3,"minecraft:mossy_cobblestone":1,"zombie_extreme:vodka":1,"minecraft:diamond":4,"minecraft:stone_axe":1,"tombstone:scroll_of_knowledge":1,"tombstone:tablet_of_recall":1,"zombie_extreme:raw_thorium":13,"minecraft:golden_apple":2,"minecraft:bread":36,"minecraft:spruce_sign":2,"minecraft:emerald":2,"spore:spine_fragment":2,"minecraft:oak_sapling":3,"minecraft:netherrack":14,"minecraft:diamond_pickaxe":1,"minecraft:dark_oak_fence":3,"minecraft:coal":56},"minecraft:broken":{"minecraft:wooden_pickaxe":1,"minecraft:stone_pickaxe":1},"minecraft:killed":{"minecraft:spider":5,"minecraft:vindicator":3,"minecraft:skeleton":1,"zombie_extreme:goon":1,"spore:inf_player":4,"minecraft:iron_golem":1,"minecraft:creeper":1,"spore:inf_pillager":1,"spore:inf_villager":4,"minecraft:pillager":1}},"DataVersion":3465}