{"stats":{"minecraft:custom":{"minecraft:mob_kills":43,"minecraft:interact_with_crafting_table":31,"minecraft:open_barrel":6,"minecraft:damage_dealt_resisted":15,"minecraft:eat_cake_slice":2,"minecraft:leave_game":1,"minecraft:time_since_death":67702,"minecraft:climb_one_cm":9908,"minecraft:sprint_one_cm":132613,"minecraft:walk_one_cm":390144,"minecraft:damage_blocked_by_shield":420,"minecraft:drop":22,"minecraft:play_time":128451,"minecraft:deaths":9,"minecraft:sneak_time":459,"minecraft:walk_under_water_one_cm":4605,"minecraft:boat_one_cm":81465,"minecraft:jump":1842,"minecraft:interact_with_blast_furnace":3,"minecraft:walk_on_water_one_cm":18138,"minecraft:total_world_time":128451,"minecraft:interact_with_furnace":23,"tombstone:raider_killed":9,"minecraft:play_record":2,"minecraft:sleep_in_bed":1,"minecraft:time_since_rest":46427,"minecraft:open_enderchest":2,"minecraft:damage_taken":4863,"minecraft:damage_dealt":6794,"minecraft:fly_one_cm":113462,"minecraft:open_chest":27,"minecraft:crouch_one_cm":307,"tombstone:undead_killed":3,"minecraft:interact_with_smoker":2,"minecraft:fall_one_cm":36880,"minecraft:horse_one_cm":29},"minecraft:dropped":{"minecraft:bread":18,"minecraft:iron_sword":1,"minecraft:cooked_beef":2,"minecraft:coal":79,"minecraft:dirt":6,"tombstone:grave_dust":1,"minecraft:iron_pickaxe":1,"minecraft:bone":2,"minecraft:stone_sword":1,"minecraft:golden_chestplate":1,"minecraft:cobbled_deepslate":72,"minecraft:raw_iron":2,"biomesoplenty:fir_planks":128,"minecraft:diamond_pickaxe":1,"minecraft:stone_bricks":2,"spore:armor_fragment":2},"minecraft:mined":{"minecraft:infested_deepslate":2,"minecraft:tuff":26,"minecraft:quartz_stairs":3,"minecraft:deepslate_diamond_ore":2,"epicpaladins:cryorium_ore":2,"minecraft:sculk_vein":1,"minecraft:obsidian":5,"minecraft:dark_oak_fence":2,"minecraft:grass_block":5,"minecraft:coal_block":21,"minecraft:spruce_leaves":2,"spore:growths_small":1,"minecraft:smooth_stone":6,"minecraft:magma_block":1,"minecraft:furnace":2,"horror_element_mod:villager_head":1,"zombie_extreme:ore_lead":2,"minecraft:iron_ore":40,"minecraft:cobbled_deepslate":1,"minecraft:anvil":1,"minecraft:fletching_table":1,"minecraft:enchanting_table":1,"minecraft:sculk_shrieker":1,"zombie_extreme:deepslate_tin":4,"minecraft:deepslate_iron_ore":8,"minecraft:iron_bars":3,"minecraft:stone":165,"minecraft:white_wool":3,"zombie_extreme:ore_aluminum":1,"minecraft:smithing_table":1,"minecraft:deepslate_redstone_ore":4,"minecraft:red_bed":3,"epicpaladins:deepslate_bloodstone_ore":2,"minecraft:smoker":1,"minecraft:torch":3,"spore:growths_big":1,"minecraft:crafting_table":4,"minecraft:blast_furnace":3,"biomesoplenty:fir_planks":2,"minecraft:copper_ore":3,"minecraft:cobblestone":20,"minecraft:deepslate_gold_ore":8,"minecraft:lapis_ore":1,"minecraft:grindstone":1,"minecraft:oak_planks":3,"minecraft:cracked_deepslate_bricks":2,"minecraft:wall_torch":4,"minecraft:deepslate_copper_ore":1,"zombie_extreme:ore_tin":6,"zombie_extreme:thorium_ore":6,"epicpaladins:deepslate_cryorium_ore":1,"minecraft:quartz_pillar":2,"biomesoplenty:fir_log":70,"minecraft:yellow_bed":1,"minecraft:grass":10,"biomesoplenty:fir_leaves":19,"minecraft:sand":2,"minecraft:dirt":31,"minecraft:cobweb":3,"minecraft:cracked_stone_bricks":5,"minecraft:stone_bricks":20,"minecraft:netherrack":55,"minecraft:mossy_stone_bricks":8,"minecraft:deepslate":124,"epicpaladins:arclight_ore":5,"spore:remains":1,"minecraft:fern":2},"minecraft:crafted":{"epicpaladins:arclight_sword":1,"minecraft:coal":189,"minecraft:furnace":1,"epicpaladins:arclight_pickaxe":1,"minecraft:cooked_mutton":2,"minecraft:iron_boots":1,"minecraft:bow":1,"minecraft:iron_axe":2,"minecraft:stone_pickaxe":1,"minecraft:chest":1,"minecraft:oak_button":1,"biomesoplenty:fir_boat":2,"minecraft:crafting_table":6,"minecraft:wooden_pickaxe":1,"minecraft:iron_helmet":1,"minecraft:iron_sword":1,"minecraft:air":0,"biomesoplenty:fir_planks":280,"minecraft:iron_chestplate":1,"minecraft:diamond_pickaxe":1,"minecraft:shield":1,"minecraft:stick":60,"minecraft:iron_ingot":33,"minecraft:iron_pickaxe":1,"minecraft:stone_sword":1,"minecraft:iron_leggings":1,"minecraft:white_bed":1,"minecraft:torch":164},"minecraft:killed_by":{"spore:inf_vindicator":4,"minecraft:vindicator":2,"apollyon:the_damned":1,"spore:inf_villager":1},"minecraft:used":{"minecraft:music_disc_far":1,"minecraft:iron_bars":2,"minecraft:stone_sword":7,"minecraft:flint_and_steel":1,"minecraft:chest":1,"minecraft:shield":6,"minecraft:cooked_chicken":5,"minecraft:netherrack":6,"minecraft:torch":87,"minecraft:dirt":23,"minecraft:golden_chestplate":1,"epicpaladins:arclight_sword":114,"minecraft:obsidian":9,"minecraft:iron_axe":76,"minecraft:music_disc_ward":1,"minecraft:stone_bricks":7,"minecraft:magma_block":1,"minecraft:bow":3,"minecraft:furnace":3,"tombstone:gift":2,"minecraft:golden_boots":1,"minecraft:cooked_mutton":2,"minecraft:stone_pickaxe":128,"minecraft:wooden_pickaxe":13,"biomesoplenty:fir_planks":27,"biomesoplenty:fir_boat":4,"minecraft:cracked_stone_bricks":1,"zombie_extreme:chips":2,"minecraft:crafting_table":10,"minecraft:red_bed":3,"minecraft:blast_furnace":1,"minecraft:diamond_pickaxe":3,"epicpaladins:arclight_pickaxe":474,"minecraft:apple":3,"minecraft:bread":39,"minecraft:oak_button":1,"minecraft:iron_pickaxe":6,"minecraft:soul_lantern":1,"minecraft:golden_helmet":1,"minecraft:cobblestone":144},"minecraft:picked_up":{"minecraft:crafting_table":4,"minecraft:anvil":1,"minecraft:smithing_table":1,"zombie_extreme:raw_tin":10,"spore:innards":1,"minecraft:string":3,"minecraft:red_bed":3,"minecraft:raw_copper":6,"minecraft:iron_axe":1,"minecraft:flint_and_steel":1,"epicpaladins:bloodstone_gem":2,"minecraft:cracked_stone_bricks":1,"minecraft:cobbled_deepslate":71,"biomesoplenty:fir_planks":2,"minecraft:coal_block":21,"minecraft:furnace":2,"minecraft:golden_helmet":1,"zombie_extreme:raw_aluminum":1,"minecraft:stick":12,"minecraft:raw_iron":49,"epicpaladins:arclight_gem":5,"minecraft:torch":11,"minecraft:golden_chestplate":1,"minecraft:arrow":1,"epicpaladins:cryorium_gem":3,"minecraft:cracked_deepslate_bricks":3,"minecraft:obsidian":14,"minecraft:mutton":2,"minecraft:iron_bars":3,"minecraft:white_wool":4,"minecraft:cobblestone":173,"minecraft:enchanting_table":1,"minecraft:magma_block":1,"minecraft:golden_leggings":1,"biomesoplenty:fir_sapling":7,"biomesoplenty:fir_log":70,"zombie_extreme:bronze_nugget":1,"minecraft:golden_boots":1,"minecraft:lapis_lazuli":7,"minecraft:dirt":35,"zombie_extreme:raw_lead":3,"minecraft:bone":6,"minecraft:stone_bricks":9,"minecraft:wheat_seeds":2,"biomesoplenty:fir_boat":2,"minecraft:raw_gold":8,"minecraft:grindstone":1,"spore:mutated_fiber":20,"minecraft:mossy_stone_bricks":1,"minecraft:fletching_table":1,"minecraft:oak_planks":1,"spore:armor_fragment":4,"minecraft:sand":1,"minecraft:blast_furnace":3,"minecraft:spruce_log":27,"minecraft:diamond":3,"zombie_extreme:raw_thorium":12,"minecraft:bread":32,"minecraft:emerald":3,"minecraft:netherrack":34,"minecraft:coal":66},"minecraft:broken":{"minecraft:stone_pickaxe":1},"minecraft:killed":{"minecraft:vindicator":3,"spore:inf_vindicator":1,"zombie_extreme:clicker":1,"minecraft:silverfish":5,"zombie_extreme:boomer":1,"spore:inf_player":3,"spore:inf_wanderer":1,"zombie_extreme:infected_military":1,"zombie_extreme:infected_hazmat":1,"spore:inf_drowned":1,"spore:inf_pillager":3,"minecraft:sheep":1,"spore:inf_villager":4,"minecraft:pillager":6,"minecraft:zombie":1,"spore:inf_human":4,"zombie_extreme:assasin_black_ops":2}},"DataVersion":3465}