{
  "the_deep_void:the_deep_void_advancement": {
    "criteria": {
      "the_deep_void_advancement": "2024-06-08 23:54:34 +0000"
    },
    "done": true
  },
  "minecraft:recipes/decorations/crafting_table": {
    "criteria": {
      "unlock_right_away": "2024-06-08 23:54:34 +0000"
    },
    "done": true
  },
  "biomesoplenty:biomesoplenty/all_biomes": {
    "criteria": {
      "coniferous_forest": "2024-06-09 00:00:30 +0000",
      "fir_clearing": "2024-06-08 23:55:15 +0000"
    },
    "done": false
  },
  "minecraft:husbandry/root": {
    "criteria": {
      "consumed_item": "2024-06-08 23:56:20 +0000"
    },
    "done": true
  },
  "betterdeserttemples:root": {
    "criteria": {
      "always": "2024-06-08 23:54:34 +0000"
    },
    "done": true
  },
  "biomesoplenty:biomesoplenty/root": {
    "criteria": {
      "fir_clearing": "2024-06-08 23:55:15 +0000"
    },
    "done": true
  },
  "betterdungeons:root": {
    "criteria": {
      "always": "2024-06-08 23:54:34 +0000"
    },
    "done": true
  },
  "minecraft:adventure/adventuring_time": {
    "criteria": {
      "minecraft:beach": "2024-06-09 00:00:42 +0000",
      "minecraft:plains": "2024-06-08 23:54:35 +0000"
    },
    "done": false
  },
  "tombstone:adventure/root": {
    "criteria": {
      "auto": "2024-06-08 23:54:35 +0000"
    },
    "done": true
  },
  "DataVersion": 3465
}